[
  {
    "id": 1,
    "branch_id": 1,
    "mcontact_person": "",
    "mcontact_num": "",
    "mdelivery_add": "1935 Unit C Dominga st. cor Gil Puyat, Pasay City",
    "moffice_days": "",
    "moffice_hours": "",
    "tcontact_person": "Joven/ Catherine Castro",
    "tcontact_num": "0995-5957170/ 256-8400/ 0915-4983403",
    "tdelivery_add": "7902 Lawaan San Antonio Village, Makati City",
    "toffice_days": "",
    "toffice_hours": "",
    "city_id": 74,
    "area_id": 12,
    "latitude": "14.565146 ",
    "longitude": "121.010676"
  },
  {
    "id": 3,
    "branch_id": 3,
    "mcontact_person": "",
    "mcontact_num": "",
    "mdelivery_add": "One World Place 32nd St. Cor 9th ave. Bonifacio Global City, Taguig City",
    "moffice_days": "",
    "moffice_hours": "",
    "tcontact_person": "John Michael raz/ allan baustista/ fabie arvilla",
    "tcontact_num": "9467345 Loc 105 IT /800-1224 loc 109",
    "tdelivery_add": "Room 1103 11/F One World Place, 32nd St., Corner 9th Ave., Bonifacio Global Taguig\\\\r\\\\n",
    "toffice_days": "",
    "toffice_hours": "",
    "city_id": 125,
    "area_id": 3,
    "latitude": "14.553317 ",
    "longitude": "121.053347"
  },
  {
    "id": 4,
    "branch_id": 4,
    "mcontact_person": "",
    "mcontact_num": "",
    "mdelivery_add": "One World Place 32nd St. Cor 9th ave. Bonifacio Global City, Taguig City",
    "moffice_days": "",
    "moffice_hours": "",
    "tcontact_person": "John Michael raz/ allan baustista/ fabie arvilla",
    "tcontact_num": "9467345 Loc 105 IT /800-1224 loc 109",
    "tdelivery_add": "Room 1103 11/F One World Place, 32nd St., Corner 9th Ave., Bonifacio Global Taguig",
    "toffice_days": "",
    "toffice_hours": "",
    "city_id": 125,
    "area_id": 3,
    "latitude": "",
    "longitude": ""
  },
  {
    "id": 5,
    "branch_id": 5,
    "mcontact_person": "",
    "mcontact_num": "",
    "mdelivery_add": "G/F Le Mirage de Malate,2126 A. Mabini st., Malate, Manila\\\\n",
    "moffice_days": "",
    "moffice_hours": "",
    "tcontact_person": "Joel Purugganan",
    "tcontact_num": "354- 4502/ 697- 1434",
    "tdelivery_add": "6th flr. Le Mirage de Malate Condominium, 2126 A. Mabini St., Malate Manila\\n",
    "toffice_days": "Mondays- Fridays",
    "toffice_hours": "9:30am- 5:30pm",
    "city_id": 80,
    "area_id": 10,
    "latitude": "14.565864 ",
    "longitude": "120.986750"
  },
  {
    "id": 6,
    "branch_id": 6,
    "mcontact_person": "",
    "mcontact_num": "",
    "mdelivery_add": "ADW Complex Col. Jesus Villamor Airbase Pasay City",
    "moffice_days": "",
    "moffice_hours": "",
    "tcontact_person": "Major Rodolfo Aseoche Jr.",
    "tcontact_num": "853- 4995/ 853- 4944/  854- 6701 loc. 4321 or 4044, 4014/ 0906-3358389/ 0917-6615944",
    "tdelivery_add": "SOQ 1. Gate 1, Col. Jesus Villamor Airbase Pasay City",
    "toffice_days": "Mondays- Fridays",
    "toffice_hours": "8am-5pm",
    "city_id": 98,
    "area_id": 2,
    "latitude": "14.516446",
    "longitude": "121.019249"
  },
  {
    "id": 7,
    "branch_id": 7,
    "mcontact_person": "",
    "mcontact_num": "",
    "mdelivery_add": "2103 Medical Plaza Ortigas Bldg. San Miguel Ave. Ortigas Center Pasig City\\\\n",
    "moffice_days": "",
    "moffice_hours": "",
    "tcontact_person": "Raul Guillermo/ Jack Dumanhug",
    "tcontact_num": "637-7467/ 661-8905/ 637-7106/ 0917-9040428",
    "tdelivery_add": "2102 Medical Plaza Bldg., San Miguel Ave., Brgy. San Antonio, Pasig City\\n",
    "toffice_days": "Mondays- Fridays",
    "toffice_hours": "9am- 6pm",
    "city_id": 99,
    "area_id": 7,
    "latitude": "14.580345",
    "longitude": "121.059396"
  },
  {
    "id": 8,
    "branch_id": 8,
    "mcontact_person": "",
    "mcontact_num": "",
    "mdelivery_add": "186 Magnitude Comp., E. Rodriguez Jr. Ave., Quezon City",
    "moffice_days": "",
    "moffice_hours": "",
    "tcontact_person": "Rose / Nelsie Sison",
    "tcontact_num": "636-1865-72 loc 101 fax 709-2412",
    "tdelivery_add": "186 Magnitude Comp., E. Rodriguez Jr. Ave., Quezon City",
    "toffice_days": "5",
    "toffice_hours": "9:00-6:00",
    "city_id": 157,
    "area_id": 5,
    "latitude": "14.607997 ",
    "longitude": "121.078347"
  },
  {
    "id": 9,
    "branch_id": 9,
    "mcontact_person": "",
    "mcontact_num": "",
    "mdelivery_add": "1430 Sta. Maria st., cor. Mejorada st., Tondo Manila\\\\n",
    "moffice_days": "",
    "moffice_hours": "",
    "tcontact_person": "aurora teoxon/ chrisna teoxon",
    "tcontact_num": "244.7642/252-5612/ 0927-9644067",
    "tdelivery_add": "New Add: Blk 5 Lot 2, Teachers Village GMA Cavite.",
    "toffice_days": "",
    "toffice_hours": "",
    "city_id": 35,
    "area_id": 1,
    "latitude": "14.294113",
    "longitude": "121.006621"
  },
  {
    "id": 11,
    "branch_id": 11,
    "mcontact_person": "",
    "mcontact_num": "",
    "mdelivery_add": "Orange Bldg. 2nd flr, #35 General Ave., GSIS Village Project 8, Quezon City\\\\n",
    "moffice_days": "",
    "moffice_hours": "",
    "tcontact_person": "Bernadita Dela Serna ",
    "tcontact_num": "961-6434/ 0917-6285605",
    "tdelivery_add": "2nd flr. Orange Bldg., 35 General Ave., GSIS Village Project 8, Quezon City",
    "toffice_days": "Mondays- Fridays",
    "toffice_hours": "8:30am-5:30pm",
    "city_id": 102,
    "area_id": 5,
    "latitude": "14.673639",
    "longitude": "121.025839"
  },
  {
    "id": 12,
    "branch_id": 12,
    "mcontact_person": "",
    "mcontact_num": "",
    "mdelivery_add": "unit 701 the Infinity bldg., 26th st. Bonfacio Global City, Taguig",
    "moffice_days": "",
    "moffice_hours": "",
    "tcontact_person": "Grace Adela/ Francis Africa/ Emelita Labayandoy",
    "tcontact_num": " 318-3361/ 553-9549",
    "tdelivery_add": "Unit 701 The Infinity Bldg., 26th St., Bonfacio Global City,Taguig",
    "toffice_days": "Mondays- Fridays",
    "toffice_hours": "8am- 5pm",
    "city_id": 125,
    "area_id": 3,
    "latitude": "14.547070",
    "longitude": "121.051412"
  },
  {
    "id": 13,
    "branch_id": 13,
    "mcontact_person": "",
    "mcontact_num": "",
    "mdelivery_add": "Lower Ground Flr. Peninsula Court Bldg. 8735 Paseo de Roxas cor Makati Ave. Bel-Air Makati City",
    "moffice_days": "",
    "moffice_hours": "",
    "tcontact_person": "Paul / Harvey /Richard Felix Dela Cruz",
    "tcontact_num": "328-2072",
    "tdelivery_add": "Lower Ground Flr. Peninsula Court Bldg. 8735 Paseo de Roxas cor Makati Ave. Bel-Air Makati City",
    "toffice_days": "",
    "toffice_hours": "",
    "city_id": 74,
    "area_id": 11,
    "latitude": "14.558476",
    "longitude": "121.025982"
  },
  {
    "id": 14,
    "branch_id": 14,
    "mcontact_person": "",
    "mcontact_num": "",
    "mdelivery_add": "\\\\n6th floor AEON CENTER Building, Northgate Cyberzone, Alabang Muntinlupa City\\\\n",
    "moffice_days": "",
    "moffice_hours": "",
    "tcontact_person": "Loriz /Owen / Ainsley Limgemco",
    "tcontact_num": "772-4382 loc 111/850-4366/ 0908-3324717",
    "tdelivery_add": "\\\\n6th floor AEON CENTER Building, Northgate Cyberzone, Alabang Muntinlupa City\\\\n",
    "toffice_days": "",
    "toffice_hours": "",
    "city_id": 155,
    "area_id": 1,
    "latitude": "14.423196",
    "longitude": "121.039860"
  },
  {
    "id": 15,
    "branch_id": 15,
    "mcontact_person": "",
    "mcontact_num": "",
    "mdelivery_add": "th Flr. Kubota Bld. 155 Panay Ave. South Triangle Quezon City",
    "moffice_days": "",
    "moffice_hours": "",
    "tcontact_person": "Anna Gabagat",
    "tcontact_num": "261-0861/ 355-6489/ 0917-4019735",
    "tdelivery_add": "G/F Lourdes Condo 101 Panay Avenue South Triangle 1103 Quezon City NCR Second District Philippines",
    "toffice_days": "Mondays- Fridays",
    "toffice_hours": "8am- 6pm",
    "city_id": 102,
    "area_id": 4,
    "latitude": "14.641077",
    "longitude": "121.036864"
  },
  {
    "id": 16,
    "branch_id": 16,
    "mcontact_person": "",
    "mcontact_num": "",
    "mdelivery_add": "#47 Esteban Abada St. Katipunan Ave. Loyola Heights Quezon City",
    "moffice_days": "",
    "moffice_hours": "",
    "tcontact_person": "Zenaida Berina/Phoebee/Lorie",
    "tcontact_num": "426-0189 Loc 116/429-0189/655-8716/409-7153/FAX 655-8550/492-2151",
    "tdelivery_add": "#47 Esteban Abada St. Katipunan Ave. Loyola Heights Quezon City",
    "toffice_days": "",
    "toffice_hours": "",
    "city_id": 102,
    "area_id": 5,
    "latitude": "14.637126 ",
    "longitude": "121.072979"
  },
  {
    "id": 17,
    "branch_id": 17,
    "mcontact_person": "",
    "mcontact_num": "",
    "mdelivery_add": "3/f Dominga bldg., 1 606 Shaw blvd., Pasig City",
    "moffice_days": "",
    "moffice_hours": "",
    "tcontact_person": "Mirage Trapaga",
    "tcontact_num": "09279730742 /638-4278/631 3638",
    "tdelivery_add": "3rd flr., Dominga Bldg., 606 Shaw Blvd., Pasig City",
    "toffice_days": "Mondays- Fridays",
    "toffice_hours": "8am- 6pm",
    "city_id": 99,
    "area_id": 7,
    "latitude": "14.570955",
    "longitude": "121.066053"
  },
  {
    "id": 18,
    "branch_id": 18,
    "mcontact_person": "",
    "mcontact_num": "",
    "mdelivery_add": "4th Flr. Molave Bldg., 2231 Pasong Tamo Makati City",
    "moffice_days": "",
    "moffice_hours": "",
    "tcontact_person": "Angelic Santos",
    "tcontact_num": "8812-2921/ 8812-7597/ 8810-3930 loc 104 or 105",
    "tdelivery_add": "4th flr., Molave Bldg., 2231 Chino Roces Ave., Makati City",
    "toffice_days": "Mondays- Fridays",
    "toffice_hours": "8:30am-5:30pm",
    "city_id": 74,
    "area_id": 12,
    "latitude": "14.546734",
    "longitude": "121.015703"
  },
  {
    "id": 19,
    "branch_id": 19,
    "mcontact_person": "",
    "mcontact_num": "",
    "mdelivery_add": "481 CM Recto Ave. Brgy 1 Zone 1 Tondo Manila",
    "moffice_days": "",
    "moffice_hours": "",
    "tcontact_person": "Joyce Kamil Legarde",
    "tcontact_num": "8295-5909 loc. 400",
    "tdelivery_add": "ALN GOC Bldg. Escriba Drive along Shaw Blvd. Pasig City ",
    "toffice_days": "Mondays- Fridays",
    "toffice_hours": "7am- 7pm",
    "city_id": 99,
    "area_id": 7,
    "latitude": "14.587756 ",
    "longitude": "121.061405"
  },
  {
    "id": 20,
    "branch_id": 20,
    "mcontact_person": "",
    "mcontact_num": "",
    "mdelivery_add": "Km. 16-17 East Service Road, Brgy. San Martin de Porres,South Super Highway, Bicutan, Paranaque City",
    "moffice_days": "",
    "moffice_hours": "",
    "tcontact_person": "Winnie Ng / laarni animo",
    "tcontact_num": "866-1024",
    "tdelivery_add": "Km. 16-17 East Service Road, Brgy. San Martin de Porres,South Super Highway, Bicutan, Paranaque City",
    "toffice_days": "",
    "toffice_hours": "",
    "city_id": 97,
    "area_id": 2,
    "latitude": "14.497883 ",
    "longitude": "121.040598"
  },
  {
    "id": 21,
    "branch_id": 21,
    "mcontact_person": "",
    "mcontact_num": "",
    "mdelivery_add": "#9 Amsterdam Extension St. Brgy. Merville Park Subdivision Paranaque City",
    "moffice_days": "",
    "moffice_hours": "",
    "tcontact_person": "Winnie Ng/ Laarni Animo",
    "tcontact_num": "866-1024/ 0915-6017843",
    "tdelivery_add": "Nexus St. Arca South Western Bicutan, Taguig",
    "toffice_days": "Mondays- Fridays",
    "toffice_hours": "8am- 5pm",
    "city_id": 125,
    "area_id": 2,
    "latitude": "14.556493 ",
    "longitude": "121.053797"
  },
  {
    "id": 22,
    "branch_id": 22,
    "mcontact_person": "",
    "mcontact_num": "",
    "mdelivery_add": "#9 Amsterdam Extension St. Brgy. Merville Park Subdivision Paranaque City",
    "moffice_days": "",
    "moffice_hours": "",
    "tcontact_person": "Ramil/Jasmin Salvador",
    "tcontact_num": "828-6617 to 18/828-6615",
    "tdelivery_add": "#9 Amsterdam Extension St. Brgy. Merville Park Subdivision Paranaque City",
    "toffice_days": "",
    "toffice_hours": "",
    "city_id": 97,
    "area_id": 2,
    "latitude": "14.496719 ",
    "longitude": "121.017280"
  },
  {
    "id": 23,
    "branch_id": 23,
    "mcontact_person": "",
    "mcontact_num": "",
    "mdelivery_add": "28A Victoria Villa Cuenco cor Mayon St. Sta Teresita Quezon City",
    "moffice_days": "",
    "moffice_hours": "",
    "tcontact_person": "Marion/Jenny Escoto/Mailene Jaron loc. 210",
    "tcontact_num": "740-6675 loc 000/7415889",
    "tdelivery_add": "28A Victoria Villa Cuenco cor Mayon St. Sta Teresita Quezon City",
    "toffice_days": "",
    "toffice_hours": "",
    "city_id": 102,
    "area_id": 4,
    "latitude": "14.620750",
    "longitude": "121.000528"
  },
  {
    "id": 24,
    "branch_id": 24,
    "mcontact_person": "",
    "mcontact_num": "",
    "mdelivery_add": "28A Victoria Villa, Cuenco cor. Mayon St. Sta Teresita Quezon City",
    "moffice_days": "",
    "moffice_hours": "",
    "tcontact_person": "Melanie Mirana acctg.740-3665 loc.652",
    "tcontact_num": "741-5889/414-3354/FAX-712-2213",
    "tdelivery_add": "88 Mayon St. Cor Cuenco St. 4th Floor, Quezon City\\r\\n",
    "toffice_days": "",
    "toffice_hours": "",
    "city_id": 102,
    "area_id": 4,
    "latitude": "14.620566",
    "longitude": "121.000513"
  },
  {
    "id": 25,
    "branch_id": 25,
    "mcontact_person": "",
    "mcontact_num": "",
    "mdelivery_add": "162 Lopez - Rizal st., Mandaluyong",
    "moffice_days": "",
    "moffice_hours": "",
    "tcontact_person": "Anne Lacsinas/ Robert Ronquillo",
    "tcontact_num": "533-5463/ 532-9930/ 0917-7902206",
    "tdelivery_add": "#162 Rizal St., Brgy. Highway Hills, Mandaluyong City",
    "toffice_days": "Mondays- Fridays",
    "toffice_hours": "8am- 5pm",
    "city_id": 78,
    "area_id": 8,
    "latitude": "14.583974 ",
    "longitude": "121.048635"
  },
  {
    "id": 26,
    "branch_id": 26,
    "mcontact_person": "",
    "mcontact_num": "",
    "mdelivery_add": "24 Aquarius San Mateo, Rizal\\\\n",
    "moffice_days": "",
    "moffice_hours": "",
    "tcontact_person": "Shirley Magallon",
    "tcontact_num": "570-1185/ 0932-8428879",
    "tdelivery_add": "26 Aquarius St., Bancom Subdivision, Brgy. Gulod Malaya, San Mateo Rizal",
    "toffice_days": "Mondays- Saturdays",
    "toffice_hours": "8am- 5pm",
    "city_id": 102,
    "area_id": 6,
    "latitude": "14.680781",
    "longitude": "121.131228"
  },
  {
    "id": 27,
    "branch_id": 27,
    "mcontact_person": "",
    "mcontact_num": "",
    "mdelivery_add": "9F ACE Bldg. Rada St. cor Dela Rosa, Makati City",
    "moffice_days": "",
    "moffice_hours": "",
    "tcontact_person": "Janice Dario/ Zanaida Dela Cruz",
    "tcontact_num": "8893 2403",
    "tdelivery_add": "Ground flr. Lapanday Center, 2263 Chino Roces Ave. Pasong Tamo Ext., Makati City",
    "toffice_days": "Mondays- Fridays",
    "toffice_hours": "9am- 6pm",
    "city_id": 74,
    "area_id": 12,
    "latitude": "14.534508",
    "longitude": "121.023004"
  },
  {
    "id": 28,
    "branch_id": 28,
    "mcontact_person": "",
    "mcontact_num": "",
    "mdelivery_add": "Brgy.Manuali, Porac Pampanga",
    "moffice_days": "",
    "moffice_hours": "",
    "tcontact_person": "Janice Castor",
    "tcontact_num": "584-4724/ 263-5361/ 0922-8229177",
    "tdelivery_add": "1st Solid Compound, Brgy. Paliparan 1, Dasmari\u00f1as Cavite",
    "toffice_days": "Mondays- Fridays",
    "toffice_hours": "8am-5:30pm",
    "city_id": 29,
    "area_id": 6,
    "latitude": "14.296246",
    "longitude": "120.993074"
  },
  {
    "id": 29,
    "branch_id": 29,
    "mcontact_person": "",
    "mcontact_num": "",
    "mdelivery_add": "3rd floor CTK bldg. 70 Nicanor Roxas st., Banaue, Quezon City\\\\n",
    "moffice_days": "",
    "moffice_hours": "",
    "tcontact_person": "Jake Ang /rochelle acctg",
    "tcontact_num": "740-7772 to 73 / 711-9514",
    "tdelivery_add": "3rd floor CTK bldg. 70 Nicanor Roxas st., Banaue, Quezon City\\\\n",
    "toffice_days": "",
    "toffice_hours": "",
    "city_id": 102,
    "area_id": 4,
    "latitude": "",
    "longitude": ""
  },
  {
    "id": 30,
    "branch_id": 30,
    "mcontact_person": "",
    "mcontact_num": "",
    "mdelivery_add": "3rd flr., ECTK bldg., 70, N. Roxas st., cor. Banawe, Quezon City Landmark: near Orthopedic",
    "moffice_days": "",
    "moffice_hours": "",
    "tcontact_person": "Cora/Anthony Doligon loc.108 reading= terrence",
    "tcontact_num": "742.1135/740-8151 loc 119 or 125",
    "tdelivery_add": "3rd flr., ECTK bldg., 70, N. Roxas st., cor. Banawe, Quezon City Landmark: near Orthopedic",
    "toffice_days": "5",
    "toffice_hours": "8am-5pm",
    "city_id": 102,
    "area_id": 4,
    "latitude": "14.626418",
    "longitude": "121.004501"
  },
  {
    "id": 31,
    "branch_id": 31,
    "mcontact_person": "",
    "mcontact_num": "",
    "mdelivery_add": "3rd floor CTK bldg. 70 Nicanor Roxas st., Banaue, Quezon City\\\\n",
    "moffice_days": "",
    "moffice_hours": "",
    "tcontact_person": "Sarah Ruivibar",
    "tcontact_num": "410-1991",
    "tdelivery_add": "888 banawe st cor, Del Monte St, Quezon City, Infront of Causeway Seafood Restaurant",
    "toffice_days": "Mondays- Fridays",
    "toffice_hours": "8am-6pm",
    "city_id": 102,
    "area_id": 4,
    "latitude": "14.640957",
    "longitude": "121.012398"
  },
  {
    "id": 32,
    "branch_id": 32,
    "mcontact_person": "",
    "mcontact_num": "",
    "mdelivery_add": "Fortune Care 2/f Fortune bldg., Dela Rosa st., Brgy Pio Del Pilar, Makati City ",
    "moffice_days": "",
    "moffice_hours": "",
    "tcontact_person": "Arlene Durante",
    "tcontact_num": "817-5065/ 817-4969/0975-9355007 /0932-4604328",
    "tdelivery_add": "2nd flr. Fortune Bldg., 2113 Don Chino Roces Ave. cor. Dela Rosa St., Makati City",
    "toffice_days": "Mondays- Fridays",
    "toffice_hours": "8am-5pm/ 8am-6pm",
    "city_id": 74,
    "area_id": 11,
    "latitude": "14.558508",
    "longitude": "121.012622"
  },
  {
    "id": 33,
    "branch_id": 33,
    "mcontact_person": "",
    "mcontact_num": "",
    "mdelivery_add": "121 Valero St. Antel Corp Center 2202 Makati City",
    "moffice_days": "",
    "moffice_hours": "",
    "tcontact_person": "BONG CASTRO 0977-8151475/Victor Atayde",
    "tcontact_num": "846-0856/ 0917-5847052",
    "tdelivery_add": " 7th flr. Twin Cities Condominium, 110 Legaspi St., Legazpi Village Makati City",
    "toffice_days": "Mondays- Fridays",
    "toffice_hours": "9am- 6pm",
    "city_id": 74,
    "area_id": 11,
    "latitude": "14.553778",
    "longitude": "121.021957"
  },
  {
    "id": 34,
    "branch_id": 34,
    "mcontact_person": "",
    "mcontact_num": "",
    "mdelivery_add": "#110 3rd flr. Twin Cities Condominium Legaspi st. Makati City\\\\n",
    "moffice_days": "",
    "moffice_hours": "",
    "tcontact_person": "Ms Lynn / Victor atayde",
    "tcontact_num": "846-0856/ 0917-5847052",
    "tdelivery_add": "#110 3rd flr. Twin Cities Condominium Legaspi st. Makati City\\n",
    "toffice_days": "",
    "toffice_hours": "",
    "city_id": 74,
    "area_id": 11,
    "latitude": "14.553778",
    "longitude": "121.021957"
  },
  {
    "id": 35,
    "branch_id": 35,
    "mcontact_person": "",
    "mcontact_num": "",
    "mdelivery_add": "Fort Strip, The Fort BGC Taguig City",
    "moffice_days": "",
    "moffice_hours": "",
    "tcontact_person": "Sheila Rosales ",
    "tcontact_num": "925-2177/ 404-3563",
    "tdelivery_add": "Unit 10, 4th flr., Deck Molave Bldg., Makati City",
    "toffice_days": "Mondays- Fridays",
    "toffice_hours": "9am- 6pm",
    "city_id": 74,
    "area_id": 12,
    "latitude": "14.546924",
    "longitude": "121.015708"
  },
  {
    "id": 36,
    "branch_id": 36,
    "mcontact_person": "",
    "mcontact_num": "",
    "mdelivery_add": "29 Scout Borromeo St. South Triangle Quezon City\\\\n",
    "moffice_days": "",
    "moffice_hours": "",
    "tcontact_person": "Maria Grace Morales",
    "tcontact_num": "901-0625/ 799-6589",
    "tdelivery_add": "#19 Examiner St, West Triangle, Quezon City",
    "toffice_days": "Mondays- Fridays",
    "toffice_hours": "8am-5pm",
    "city_id": 102,
    "area_id": 4,
    "latitude": "14.645430 ",
    "longitude": "121.030136"
  }
]